{
  "sp": {
    "rook": [
      "sp_rook_1_1",
      "sp_rook_1_2",
      "sp_rook_1_3",
      "sp_rook_1_4",
      "sp_rook_1_5",
      "sp_rook_1_6",
      "sp_rook_2_1",
      "sp_rook_2_2",
      "sp_rook_2_3"
    ],
    "bishop": [
      "sp_bishop_1_1",
      "sp_bishop_1_2",
      "sp_bishop_1_3",
      "sp_bishop_1_4",
      "sp_bishop_1_5",
      "sp_bishop_2_1",
      "sp_bishop_2_2",
      "sp_bishop_2_3",
      "sp_bishop_2_4"
    ],
    "queen": [
      "sp_queen_1_1",
      "sp_queen_1_2",
      "sp_queen_1_3",
      "sp_queen_1_4",
      "sp_queen_1_5",
      "sp_queen_2_1",
      "sp_queen_2_2",
      "sp_queen_2_3",
      "sp_queen_2_4"
    ],
    "king": [
      "sp_king_1_1",
      "sp_king_1_2",
      "sp_king_1_3",
      "sp_king_1_4",
      "sp_king_1_5",
      "sp_king_1_6",
      "sp_king_1_7",
      "sp_king_1_8",
      "sp_king_2_1",
      "sp_king_2_2"
    ],
    "knight": [
      "sp_knight_1_1",
      "sp_knight_1_2",
      "sp_knight_1_4",
      "sp_knight_2_1",
      "sp_knight_2_2",
      "sp_knight_2_3",
      "sp_knight_2_4",
      "sp_knight_3_1",
      "sp_knight_3_2"
    ],
    "pawn": [
      "sp_pawn_1_1",
      "sp_pawn_1_2",
      "sp_pawn_1_3",
      "sp_pawn_1_4",
      "sp_pawn_2_1",
      "sp_pawn_2_2",
      "sp_pawn_2_4",
      "sp_pawn_2_5",
      "sp_pawn_3_1",
      "sp_pawn_3_2"
    ]
  },
  "mp": {
    "rook": [
      "mp_rook_1_2",
      "mp_rook_1_3",
      "mp_rook_1_4",
      "mp_rook_1_5",
      "mp_rook_1_6",
      "mp_rook_1_7",
      "mp_rook_1_8",
      "mp_rook_1_9",
      "mp_rook_1_10",
      "mp_rook_1_11",
      "mp_rook_2_1",
      "mp_rook_2_2",
      "mp_rook_2_3",
      "mp_rook_2_4",
      "mp_rook_2_5",
      "mp_rook_2_6"
    ],
    "bishop": [
      "mp_bishop_1_1",
      "mp_bishop_1_2",
      "mp_bishop_1_3",
      "mp_bishop_1_4",
      "mp_bishop_1_5",
      "mp_bishop_1_6",
      "mp_bishop_2_1",
      "mp_bishop_2_2",
      "mp_bishop_2_3",
      "mp_bishop_2_4",
      "mp_bishop_2_5",
      "mp_bishop_2_6",
      "mp_bishop_3_1",
      "mp_bishop_3_2",
      "mp_bishop_3_3",
      "mp_bishop_3_4",
      "mp_bishop_3_5",
      "mp_bishop_3_6",
      "mp_bishop_4_1",
      "mp_bishop_4_2",
      "mp_bishop_4_3",
      "mp_bishop_4_4",
      "mp_bishop_4_5",
      "mp_bishop_4_6"
    ],
    "queen": [
      "mp_queen_1_1",
      "mp_queen_1_2",
      "mp_queen_1_3",
      "mp_queen_1_4",
      "mp_queen_1_5",
      "mp_queen_1_6",
      "mp_queen_2_1",
      "mp_queen_2_2",
      "mp_queen_2_3",
      "mp_queen_2_4",
      "mp_queen_2_5",
      "mp_queen_2_6",
      "mp_queen_3_1",
      "mp_queen_3_2",
      "mp_queen_3_3",
      "mp_queen_3_4",
      "mp_queen_3_5",
      "mp_queen_3_6",
      "mp_queen_4_1",
      "mp_queen_4_2",
      "mp_queen_4_3",
      "mp_queen_4_4",
      "mp_queen_4_5",
      "mp_queen_4_6"
    ],
    "king": [
      "mp_king_1_1",
      "mp_king_1_2",
      "mp_king_1_3",
      "mp_king_2_1",
      "mp_king_2_2",
      "mp_king_2_3",
      "mp_king_2_4",
      "mp_king_2_5",
      "mp_king_2_6",
      "mp_king_3_1",
      "mp_king_3_2",
      "mp_king_3_3",
      "mp_king_3_4",
      "mp_king_3_5",
      "mp_king_3_6",
      "mp_king_4_1",
      "mp_king_4_2",
      "mp_king_4_3",
      "mp_king_4_4",
      "mp_king_4_5",
      "mp_king_4_6",
      "mp_king_5_1",
      "mp_king_5_2",
      "mp_king_5_3",
      "mp_king_5_4",
      "mp_king_5_5",
      "mp_king_5_6"
    ],
     "knight": [
      "mp_knight_1_1",
      "mp_knight_1_2",
      "mp_knight_1_3",
      "mp_knight_1_4",
      "mp_knight_1_5",
      "mp_knight_1_6",
      "mp_knight_2_1",
      "mp_knight_2_2",
      "mp_knight_2_3",
      "mp_knight_2_4",
      "mp_knight_2_5",
      "mp_knight_2_6",
      "mp_knight_3_1",
      "mp_knight_3_2",
      "mp_knight_3_3",
      "mp_knight_3_4",
      "mp_knight_3_5",
      "mp_knight_3_6",
      "mp_knight_4_1",
      "mp_knight_4_2",
      "mp_knight_4_3",
      "mp_knight_4_4",
      "mp_knight_4_5",
      "mp_knight_4_6",
      "mp_knight_4_7",
      "mp_knight_4_9",
      "mp_knight_5_1",
      "mp_knight_5_2",
      "mp_knight_5_3",
      "mp_knight_6_1",
      "mp_knight_6_2",
      "mp_knight_6_3",
      "mp_knight_6_4",
      "mp_knight_6_5",
      "mp_knight_6_6",
      "mp_knight_6_7",
      "mp_knight_7_1",
      "mp_knight_7_2"
    ],
    "pawn": [
      "mp_pawn_1_1",
      "mp_pawn_1_2",
      "mp_pawn_1_3",
      "mp_pawn_1_4",
      "mp_pawn_1_5",
      "mp_pawn_1_6",
      "mp_pawn_1_7",
      "mp_pawn_1_8",
      "mp_pawn_1_9",
      "mp_pawn_1_10",
      "mp_pawn_1_11",
      "mp_pawn_1_12",
      "mp_pawn_2_1",
      "mp_pawn_2_2",
      "mp_pawn_2_3",
      "mp_pawn_2_4",
      "mp_pawn_2_5",
      "mp_pawn_2_6",
      "mp_pawn_3_1",
      "mp_pawn_3_2",
      "mp_pawn_3_3",
      "mp_pawn_3_4",
      "mp_pawn_3_5",
      "mp_pawn_3_6",
      "mp_pawn_4_1",
      "mp_pawn_4_2",
      "mp_pawn_4_3",
      "mp_pawn_4_4",
      "mp_pawn_4_5",
      "mp_pawn_4_6",
      "mp_pawn_4_7",
      "mp_pawn_4_8",
      "mp_pawn_4_9",
      "mp_pawn_4_10",
      "mp_pawn_4_11",
      "mp_pawn_4_12"
    ]
  },
  "mini": [
    "minischach_achtBauernGegenDame",
    "minischach_Bauern gegen Laeufer",
    "minischach_Bauern gegen Turm",
    "minischach_Bauernrennen",
    "minischach_Bauernspiel 2",
    "minischach_Bauernspiel 3",
    "minischach_Bauernspiel 4",
    "minischach_Bauernspiel",
    "minischach_Dame faengt Springer",
    "minischach_debug",
    "minischach_Geschickte Bauern",
    "minischach_grundstellung",
    "minischach_Koenigspiel",
    "minischach_Springerwettkampf"
  ],
  "values": {}
}